number,date,title,rating,distributor,scream,listed_runtime,actual_runtime
1,2023-11-06,Next Goal Wins,PG-13,Searchlight,0,109,103
2,2023-11-27,American Fiction,R,Amazon MGM,0,120,117
3,2023-12-11,The Boys in the Boat,PG-13,Amazon MGM,0,128,124
4,2024-01-03,The Book of Clarence,PG-13,Legendary,0,133,129
5,2024-01-08,Origin,PG-13,Neon,0,138,141
6,2024-01-29,Out of Darkness,R,Bleecker Street,1,90,87
7,2024-02-05,Lisa Frankenstein,PG-13,Focus,1,105,101
8,2024-02-19,Ordinary Angels,PG,Lionsgate,0,121,116
9,2024-03-04,One Life,PG,Bleecker Street,0,106,109
10,2024-03-11,Arthur the King,PG-13,Lionsgate,0,120,107
11,2024-03-25,Sting,R,Well Go USA,1,105,91
12,2024-04-08,The Ministry of Ungentlemanly Warfare,R,Lionsgate,0,133,120
13,2024-04-15,Spy x Family Code: White,PG-13,Crunchyroll,0,123,110
14,2024-04-22,Boy Kills World,R,Lionsgate,0,128,111
15,2024-05-13,Babes,R,Neon,0,115,109
16,2024-05-20,Ezra,R,Bleecker Street,0,105,100
17,2024-06-10,Thelma,PG-13,Magnolia,0,99,97
18,2024-06-17,The Bikeriders,R,Focus,0,123,116
19,2024-07-01,Fly Me to the Moon,PG-13,Apple,0,140,132
20,2024-07-15,Sing Sing,R,A24,0,114,107
21,2024-07-22,Kneecap,R,Sony,0,113,105
22,2024-08-12,Skincare,R,IFC,0,101,94
23,2024-08-26,Slingshot,R,Bleecker Street,0,105,109
24,2024-09-09,My Old Ass,R,Amazon MGM,0,101,89
25,2024-09-30,White Bird,PG-13,Lionsgate,0,116,120
26,2024-10-07,Exhibiting Forgiveness,R,Roadside,0,123,117
27,2024-10-21,Your Monster,R,Vertical,0,103,102
28,2024-11-11,Bonhoeffer,PG-13,Angel Studios,0,138,132
29,2024-11-18,Gladiator II,R,Paramount,0,150,148
30,2024-12-09,September 5,R,Paramount,0,111,95
31,2024-12-16,The Fire Inside,PG-13,,0,113,
32,2025-01-06,Better Man,R,Paramount,0,128,135
33,2025-01-27,Companion,R,Warner Bros.,1,101,97
34,2025-02-17,My Dead Friend Zoe,R,Briarcliff,0,107,
35,2025-02-24,Last Breath,PG-13,Focus,0,95,93
36,2025-03-03,Novocaine,R,Paramount,0,113,110
37,2025-03-10,Magazine Dreams,R,Briarcliff,0,120,124
38,2025-03-17,The Penguin Lessons,PG-13,Sony,0,113,110
39,2025-04-07,Drop,PG-13,Universal,0,110,95
40,2025-04-14,On Swift Horses,R,Sony,0,123,119
41,2025-04-21,The Legend of Ochi,PG,A24,0,100,95
42,2025-05-05,Fight or Flight,R,Vertical,0,103,101
43,2025-05-19,Bring Her Back,R,A24,1,102,99
44,2025-06-02,The Life of Chuck,R,Neon,0,108,111
45,2025-06-16,40 Acres,R,Magnolia,0,116,108
46,2025-06-23,Jurassic World Rebirth,PG-13,Universal,0,134,134
47,2025-07-07,"Oh, Hi!",R,Sony,0,93,94
48,2025-07-21,The Home,R,,1,101,97
49,2025-07-28,Sketch,PG,Angel Studios,0,101,92
50,2025-08-04,East of Wall,R,Sony,0,100,97
51,2025-08-11,Relay,R,Bleecker Street,0,114,112
52,2025-08-18,Eden,R,Vertical,0,133,129
53,2025-09-01,The Threesome,R,Vertical,0,109,112
54,2025-09-15,Eleanor the Great,PG-13,Sony,0,109,98
55,2025-09-22,Dead of Winter,R,Vertical,0,98,98
56,2025-09-29,Bone Lake,R,Bleecker Street,1,91,94
57,2025-10-06,Roofman,R,Paramount,0,125,126
58,2025-10-13,The Mastermind,R,Mubi,0,112,110
59,2025-10-20,Shelby Oaks,R,Neon,1,106,102
60,2025-10-27,Christy,R,,0,135,
61,2025-11-10,Eternity,PG-13,A24,0,116,114
62,2025-11-17,Sisu: Road to Revenge,R,Screen Gems,0,86,88
63,2025-12-01,Fackham Hall,R,Bleecker Street,0,101,97
64,2025-12-15,Song Sung Blue,R,Focus,0,130,133
65,2025-12-22,We Bury the Dead,R,Vertical,1,95,94
66,2026-01-05,Primate,R,Paramount,1,86,89
67,2026-01-19,Mercy,PG-13,Amazon MGM,0,100,101
68,2026-01-26,"Good Luck, Have Fun, Don't Die",R,Briarcliff,0,131,134
69,2026-02-02,Dracula,R,Vertical,1,134,129
70,2026-02-09,Nirvanna the Band the Show the Movie,R,Neon,0,104,99
71,2026-02-16,How to Make a Killing,R,A24,0,110,105
72,2026-03-09,Slanted,R,Bleecker Street,0,108,102
73,2026-03-16,I Swear,R,Sony,0,125,121
74,2026-03-23,They Will Kill You,R,New Line,1,97,94
75,2026-03-30,Hunting Matthew Nichols,R,Dropshock,1,93,89
76,2026-04-06,Faces of Death,R,IFC,1,106,98
77,2026-04-13,Normal,R,Magnolia,0,94,90
78,2026-04-20,Hokum,R,Neon,1,113,101
79,2026-04-27,One Spoon of Chocolate,R,Variance,0,114,112
80,2026-05-03,The Sheep Detectives,PG,,0,115,
81,2026-05-04,The Wizard of the Kremlin,R,Vertical,0,142,136
82,2026-05-11,Tuner,R,Black Bear,0,112,109
83,2026-06-01,The Furious,R,Lionsgate,0,117,113
84,2026-06-15,Lucky Strike,R,Roadside,0,108,102
85,2026-06-22,Young Washington,PG-13,Angel Studios,0,130,125
86,2026-06-29,Gail Daughtry and the Celebrity Sex Pass,R,Sony,0,97,93
87,2026-07-20,Motor City,R,IFC,0,106,103
88,2026-07-27,One Night Only,R,Universal,0,107,102
89,2026-08-03,Ice Cream Man,R,Iconic,1,90,87
90,2026-08-10,Tony,R,A24,0,110,106
91,2026-08-17,It Ends,R,Neon,1,97,89
92,2026-08-24,Buddy,R,Roadside,1,101,95
93,2026-08-31,Runner,PG-13,Angel Studios,0,100,97
94,2026-09-07,The Weight,R,Vertical,0,118,115
95,2026-09-13,Shaun the Sheep: The Beast of Mossy Bottom,PG,GKIDS,0,85,91
96,2026-09-14,Forgotten Island,PG,Universal,0,112,109
97,2026-09-21,Heart of the Beast,PG-13,,0,108,
